{"cameraMode":{"drawMode":0,"name":"Shaded","section":"Shading Mode"},"sceneLighting":true,"audioPlay":false,"sceneViewState":{"m_AlwaysRefresh":false,"showFog":true,"showSkybox":true,"showFlares":true,"showImageEffects":true,"showParticleSystems":true,"showVisualEffectGraphs":true,"m_FxEnabled":true},"in2DMode":false,"pivot":{"x":564.6757202148438,"y":319.11273193359377,"z":79.10914611816406},"rotation":{"x":0.02549665793776512,"y":-0.008097999729216099,"z":0.00020622402371373028,"w":0.9996401071548462},"size":313.98333740234377,"orthographic":false}