{"cameraMode":{"drawMode":0,"name":"Shaded","section":"Shading Mode"},"sceneLighting":true,"audioPlay":false,"sceneViewState":{"m_AlwaysRefresh":false,"showFog":true,"showSkybox":true,"showFlares":true,"showImageEffects":true,"showParticleSystems":true,"showVisualEffectGraphs":true,"m_FxEnabled":true},"in2DMode":false,"pivot":{"x":211.78855895996095,"y":179.9828338623047,"z":2.0585250854492189},"rotation":{"x":-0.02250511385500431,"y":-0.018601112067699434,"z":0.00044248858466744423,"w":-0.999635636806488},"size":157.52059936523438,"orthographic":false}